agentCount,defectorRatio,temptation,density,avgCompliance,defectorPercolationProb,geometricPercolationProb,avgLargestClusterFrac
10,0.10,1.10,0.1000,0.8850,0.0000,0.0000,0.0800
10,0.10,1.30,0.1000,0.8800,0.0000,0.0000,0.0750
10,0.10,1.50,0.1000,0.8650,0.0000,0.0000,0.0900
10,0.10,1.70,0.1000,0.9100,0.0000,0.0000,0.0650
10,0.10,2.00,0.1000,0.9150,0.0000,0.0000,0.0600
10,0.20,1.10,0.1000,0.9050,0.0000,0.0000,0.0800
10,0.20,1.30,0.1000,0.8050,0.0000,0.0000,0.1000
10,0.20,1.50,0.1000,0.7900,0.0000,0.0000,0.1050
10,0.20,1.70,0.1000,0.8150,0.0000,0.0000,0.0950
10,0.20,2.00,0.1000,0.8000,0.0000,0.0000,0.1000
10,0.30,1.10,0.1000,0.6550,0.0000,0.0000,0.1600
10,0.30,1.30,0.1000,0.7150,0.0000,0.0000,0.1250
10,0.30,1.50,0.1000,0.7150,0.0000,0.0000,0.1350
10,0.30,1.70,0.1000,0.6900,0.0000,0.0000,0.1250
10,0.30,2.00,0.1000,0.6450,0.0000,0.0000,0.1550
10,0.40,1.10,0.1000,0.6500,0.0000,0.0000,0.1550
10,0.40,1.30,0.1000,0.5500,0.0000,0.0000,0.1900
10,0.40,1.50,0.1000,0.6050,0.0000,0.0000,0.1550
10,0.40,1.70,0.1000,0.5450,0.0000,0.0000,0.1700
10,0.40,2.00,0.1000,0.6150,0.0000,0.0000,0.1650
10,0.50,1.10,0.1000,0.4650,0.0000,0.0000,0.2100
10,0.50,1.30,0.1000,0.4950,0.0000,0.0000,0.2000
10,0.50,1.50,0.1000,0.5200,0.0000,0.0000,0.1700
10,0.50,1.70,0.1000,0.5000,0.0000,0.0000,0.1900
10,0.50,2.00,0.1000,0.5050,0.0000,0.0000,0.1900
10,0.60,1.10,0.1000,0.3800,0.0000,0.0000,0.2000
10,0.60,1.30,0.1000,0.3800,0.0000,0.0000,0.2150
10,0.60,1.50,0.1000,0.3750,0.0000,0.0000,0.2550
10,0.60,1.70,0.1000,0.4400,0.0000,0.0000,0.2050
10,0.60,2.00,0.1000,0.3350,0.0000,0.0000,0.2500
10,0.70,1.10,0.1000,0.2800,0.0000,0.0000,0.2650
10,0.70,1.30,0.1000,0.3150,0.0000,0.0000,0.2700
10,0.70,1.50,0.1000,0.3150,0.0000,0.0000,0.2650
10,0.70,1.70,0.1000,0.2900,0.0000,0.0000,0.2400
10,0.70,2.00,0.1000,0.3100,0.0000,0.0000,0.2200
10,0.80,1.10,0.1000,0.2450,0.0000,0.0000,0.2550
10,0.80,1.30,0.1000,0.2000,0.0000,0.0000,0.2850
10,0.80,1.50,0.1000,0.1950,0.0000,0.0000,0.2800
10,0.80,1.70,0.1000,0.2350,0.0000,0.0000,0.2400
10,0.80,2.00,0.1000,0.2050,0.0000,0.0000,0.3150
10,0.90,1.10,0.1000,0.1200,0.0000,0.0000,0.3450
10,0.90,1.30,0.1000,0.1250,0.0000,0.0000,0.3050
10,0.90,1.50,0.1000,0.1000,0.0000,0.0000,0.3350
10,0.90,1.70,0.1000,0.0900,0.0000,0.0000,0.2950
10,0.90,2.00,0.1000,0.1000,0.0000,0.0000,0.3000
20,0.10,1.10,0.2000,0.8950,0.0000,0.0000,0.0400
20,0.10,1.30,0.2000,0.9050,0.0000,0.0000,0.0475
20,0.10,1.50,0.2000,0.8775,0.0000,0.0000,0.0550
20,0.10,1.70,0.2000,0.8800,0.0000,0.0000,0.0575
20,0.10,2.00,0.2000,0.9200,0.0000,0.0000,0.0525
20,0.20,1.10,0.2000,0.7800,0.0000,0.0000,0.0875
20,0.20,1.30,0.2000,0.8200,0.0000,0.0000,0.0825
20,0.20,1.50,0.2000,0.8275,0.0000,0.0000,0.0850
20,0.20,1.70,0.2000,0.7850,0.0000,0.0000,0.1000
20,0.20,2.00,0.2000,0.8250,0.0000,0.0000,0.0700
20,0.30,1.10,0.2000,0.6825,0.0000,0.0000,0.1225
20,0.30,1.30,0.2000,0.6750,0.0000,0.0000,0.1100
20,0.30,1.50,0.2000,0.7225,0.0000,0.0000,0.0925
20,0.30,1.70,0.2000,0.6800,0.0000,0.0000,0.1250
20,0.30,2.00,0.2000,0.6600,0.0000,0.0000,0.1250
20,0.40,1.10,0.2000,0.6275,0.0000,0.0000,0.1450
20,0.40,1.30,0.2000,0.6075,0.0000,0.0000,0.1350
20,0.40,1.50,0.2000,0.5875,0.0000,0.0000,0.1300
20,0.40,1.70,0.2000,0.5475,0.0000,0.0000,0.1475
20,0.40,2.00,0.2000,0.5800,0.0000,0.0000,0.1400
20,0.50,1.10,0.2000,0.4800,0.0000,0.0000,0.1950
20,0.50,1.30,0.2000,0.5125,0.0000,0.0000,0.1575
20,0.50,1.50,0.2000,0.5200,0.0000,0.0000,0.1425
20,0.50,1.70,0.2000,0.5000,0.0000,0.0000,0.1775
20,0.50,2.00,0.2000,0.4850,0.0000,0.0000,0.1650
20,0.60,1.10,0.2000,0.3950,0.0000,0.0000,0.1900
20,0.60,1.30,0.2000,0.3900,0.0000,0.0500,0.2100
20,0.60,1.50,0.2000,0.3975,0.0000,0.0000,0.2175
20,0.60,1.70,0.2000,0.4200,0.0000,0.0000,0.1975
20,0.60,2.00,0.2000,0.4175,0.0000,0.0000,0.1950
20,0.70,1.10,0.2000,0.2550,0.0000,0.0000,0.2950
20,0.70,1.30,0.2000,0.3075,0.0000,0.0000,0.2500
20,0.70,1.50,0.2000,0.3225,0.0000,0.0000,0.2800
20,0.70,1.70,0.2000,0.3000,0.0000,0.0000,0.2600
20,0.70,2.00,0.2000,0.3225,0.0000,0.0000,0.2875
20,0.80,1.10,0.2000,0.2025,0.0000,0.0000,0.2775
20,0.80,1.30,0.2000,0.2000,0.0000,0.0000,0.2850
20,0.80,1.50,0.2000,0.2050,0.0000,0.0000,0.3450
20,0.80,1.70,0.2000,0.2000,0.0000,0.0000,0.3050
20,0.80,2.00,0.2000,0.1850,0.0000,0.0000,0.3225
20,0.90,1.10,0.2000,0.0675,0.0000,0.0000,0.4000
20,0.90,1.30,0.2000,0.1075,0.0000,0.0000,0.3525
20,0.90,1.50,0.2000,0.0850,0.0000,0.0000,0.3575
20,0.90,1.70,0.2000,0.0825,0.0000,0.0000,0.4125
20,0.90,2.00,0.2000,0.1175,0.0000,0.0000,0.3200
30,0.10,1.10,0.3000,0.8967,0.0000,0.0000,0.0400
30,0.10,1.30,0.3000,0.9033,0.0000,0.0000,0.0383
30,0.10,1.50,0.3000,0.9150,0.0000,0.0000,0.0433
30,0.10,1.70,0.3000,0.9050,0.0000,0.0000,0.0417
30,0.10,2.00,0.3000,0.9117,0.0000,0.0000,0.0400
30,0.20,1.10,0.3000,0.8250,0.0000,0.0000,0.0633
30,0.20,1.30,0.3000,0.7850,0.0000,0.0500,0.0783
30,0.20,1.50,0.3000,0.7850,0.0000,0.0500,0.0883
30,0.20,1.70,0.3000,0.8167,0.0000,0.0000,0.0633
30,0.20,2.00,0.3000,0.7967,0.0000,0.0000,0.0683
30,0.30,1.10,0.3000,0.6900,0.0000,0.0000,0.1050
30,0.30,1.30,0.3000,0.7083,0.0000,0.0000,0.1067
30,0.30,1.50,0.3000,0.6983,0.0000,0.0000,0.1083
30,0.30,1.70,0.3000,0.6750,0.0000,0.0000,0.1117
30,0.30,2.00,0.3000,0.7000,0.0000,0.0000,0.1083
30,0.40,1.10,0.3000,0.6217,0.0000,0.0000,0.1417
30,0.40,1.30,0.3000,0.5717,0.0000,0.0000,0.1567
30,0.40,1.50,0.3000,0.6050,0.0000,0.0500,0.1483
30,0.40,1.70,0.3000,0.5883,0.0000,0.0000,0.1517
30,0.40,2.00,0.3000,0.5800,0.0000,0.0500,0.1483
30,0.50,1.10,0.3000,0.5183,0.0000,0.0000,0.1583
30,0.50,1.30,0.3000,0.4883,0.0000,0.0500,0.1900
30,0.50,1.50,0.3000,0.5100,0.0000,0.0000,0.1650
30,0.50,1.70,0.3000,0.4883,0.0000,0.0000,0.2100
30,0.50,2.00,0.3000,0.5067,0.0000,0.0000,0.2183
30,0.60,1.10,0.3000,0.3717,0.0000,0.0000,0.2717
30,0.60,1.30,0.3000,0.4083,0.0000,0.0500,0.2567
30,0.60,1.50,0.3000,0.4067,0.0000,0.0500,0.2267
30,0.60,1.70,0.3000,0.4417,0.0000,0.0000,0.1933
30,0.60,2.00,0.3000,0.4050,0.0000,0.0000,0.2117
30,0.70,1.10,0.3000,0.3000,0.0000,0.0500,0.3233
30,0.70,1.30,0.3000,0.3067,0.0000,0.0000,0.3350
30,0.70,1.50,0.3000,0.3167,0.0000,0.0000,0.2750
30,0.70,1.70,0.3000,0.3500,0.0000,0.0000,0.2417
30,0.70,2.00,0.3000,0.2667,0.0000,0.0000,0.3150
30,0.80,1.10,0.3000,0.1867,0.0000,0.0000,0.3833
30,0.80,1.30,0.3000,0.2050,0.0000,0.0000,0.3933
30,0.80,1.50,0.3000,0.2050,0.0000,0.0000,0.4533
30,0.80,1.70,0.3000,0.2183,0.0000,0.0500,0.3983
30,0.80,2.00,0.3000,0.2300,0.0000,0.0000,0.3283
30,0.90,1.10,0.3000,0.1200,0.0000,0.0000,0.4750
30,0.90,1.30,0.3000,0.1100,0.0000,0.0000,0.5117
30,0.90,1.50,0.3000,0.1083,0.0000,0.0000,0.4667
30,0.90,1.70,0.3000,0.0950,0.0000,0.0000,0.4733
30,0.90,2.00,0.3000,0.0850,0.0000,0.0000,0.4967
40,0.10,1.10,0.4000,0.9125,0.0000,0.0500,0.0325
40,0.10,1.30,0.4000,0.9025,0.0000,0.1000,0.0375
40,0.10,1.50,0.4000,0.9062,0.0000,0.0000,0.0325
40,0.10,1.70,0.4000,0.8962,0.0000,0.0500,0.0413
40,0.10,2.00,0.4000,0.8963,0.0000,0.1000,0.0425
40,0.20,1.10,0.4000,0.8025,0.0000,0.0500,0.0663
40,0.20,1.30,0.4000,0.7938,0.0000,0.0500,0.0813
40,0.20,1.50,0.4000,0.7888,0.0000,0.0000,0.0813
40,0.20,1.70,0.4000,0.8100,0.0000,0.0000,0.0663
40,0.20,2.00,0.4000,0.8100,0.0000,0.0000,0.0663
40,0.30,1.10,0.4000,0.7062,0.0000,0.0500,0.1050
40,0.30,1.30,0.4000,0.6925,0.0000,0.1500,0.1113
40,0.30,1.50,0.4000,0.7063,0.0000,0.0500,0.1088
40,0.30,1.70,0.4000,0.7038,0.0000,0.1000,0.1050
40,0.30,2.00,0.4000,0.7213,0.0000,0.1000,0.0963
40,0.40,1.10,0.4000,0.6000,0.0000,0.0000,0.1525
40,0.40,1.30,0.4000,0.5825,0.0000,0.1000,0.1738
40,0.40,1.50,0.4000,0.6150,0.0000,0.1000,0.1688
40,0.40,1.70,0.4000,0.5838,0.0000,0.0500,0.1725
40,0.40,2.00,0.4000,0.6063,0.0000,0.1000,0.1413
40,0.50,1.10,0.4000,0.5037,0.0000,0.0500,0.2075
40,0.50,1.30,0.4000,0.5125,0.0000,0.1000,0.1900
40,0.50,1.50,0.4000,0.5325,0.0000,0.0500,0.2113
40,0.50,1.70,0.4000,0.5038,0.0000,0.1000,0.2075
40,0.50,2.00,0.4000,0.5025,0.0000,0.1000,0.2150
40,0.60,1.10,0.4000,0.3863,0.0000,0.1500,0.2650
40,0.60,1.30,0.4000,0.4050,0.0000,0.1000,0.3163
40,0.60,1.50,0.4000,0.4100,0.0000,0.2000,0.3087
40,0.60,1.70,0.4000,0.4200,0.0000,0.0000,0.2625
40,0.60,2.00,0.4000,0.4037,0.0000,0.0000,0.2788
40,0.70,1.10,0.4000,0.3038,0.0000,0.0500,0.3450
40,0.70,1.30,0.4000,0.2975,0.0000,0.0500,0.3613
40,0.70,1.50,0.4000,0.3000,0.0000,0.1000,0.3762
40,0.70,1.70,0.4000,0.3063,0.0000,0.0000,0.3963
40,0.70,2.00,0.4000,0.3087,0.0000,0.0000,0.4588
40,0.80,1.10,0.4000,0.1988,0.0500,0.1000,0.5000
40,0.80,1.30,0.4000,0.2025,0.0000,0.0500,0.4787
40,0.80,1.50,0.4000,0.2125,0.0000,0.0000,0.4912
40,0.80,1.70,0.4000,0.2213,0.0500,0.1500,0.5113
40,0.80,2.00,0.4000,0.1900,0.0000,0.0000,0.4800
40,0.90,1.10,0.4000,0.1013,0.0000,0.0500,0.5925
40,0.90,1.30,0.4000,0.0900,0.0000,0.0500,0.6188
40,0.90,1.50,0.4000,0.1200,0.0000,0.0000,0.6063
40,0.90,1.70,0.4000,0.1038,0.0000,0.0500,0.6163
40,0.90,2.00,0.4000,0.0987,0.0000,0.0500,0.5900
50,0.10,1.10,0.5000,0.9050,0.0000,0.1000,0.0310
50,0.10,1.30,0.5000,0.8920,0.0000,0.1500,0.0370
50,0.10,1.50,0.5000,0.9030,0.0000,0.0500,0.0340
50,0.10,1.70,0.5000,0.9230,0.0000,0.1500,0.0320
50,0.10,2.00,0.5000,0.9020,0.0000,0.3000,0.0430
50,0.20,1.10,0.5000,0.7940,0.0000,0.1000,0.0780
50,0.20,1.30,0.5000,0.8210,0.0000,0.2000,0.0680
50,0.20,1.50,0.5000,0.8410,0.0000,0.2000,0.0560
50,0.20,1.70,0.5000,0.8130,0.0000,0.1500,0.0600
50,0.20,2.00,0.5000,0.7930,0.0000,0.2000,0.0890
50,0.30,1.10,0.5000,0.7190,0.0000,0.1500,0.1110
50,0.30,1.30,0.5000,0.7030,0.0000,0.0500,0.1090
50,0.30,1.50,0.5000,0.6990,0.0000,0.2500,0.1020
50,0.30,1.70,0.5000,0.6950,0.0000,0.2000,0.1240
50,0.30,2.00,0.5000,0.7110,0.0000,0.1000,0.0920
50,0.40,1.10,0.5000,0.5950,0.0000,0.3500,0.1810
50,0.40,1.30,0.5000,0.6110,0.0000,0.1000,0.1850
50,0.40,1.50,0.5000,0.5990,0.0000,0.2000,0.1800
50,0.40,1.70,0.5000,0.6090,0.0000,0.2500,0.1600
50,0.40,2.00,0.5000,0.6270,0.0000,0.2500,0.1570
50,0.50,1.10,0.5000,0.5060,0.0000,0.1000,0.2340
50,0.50,1.30,0.5000,0.5070,0.0000,0.2000,0.2480
50,0.50,1.50,0.5000,0.5040,0.0500,0.3000,0.2450
50,0.50,1.70,0.5000,0.4860,0.0000,0.0500,0.2980
50,0.50,2.00,0.5000,0.4890,0.0500,0.2500,0.3140
50,0.60,1.10,0.5000,0.4080,0.0500,0.2500,0.3440
50,0.60,1.30,0.5000,0.4220,0.0500,0.1500,0.3990
50,0.60,1.50,0.5000,0.3880,0.0000,0.1500,0.3910
50,0.60,1.70,0.5000,0.4170,0.0000,0.0000,0.3120
50,0.60,2.00,0.5000,0.4120,0.0000,0.2000,0.3560
50,0.70,1.10,0.5000,0.3060,0.0000,0.2500,0.4520
50,0.70,1.30,0.5000,0.3060,0.0000,0.2000,0.4590
50,0.70,1.50,0.5000,0.2980,0.0000,0.1000,0.4770
50,0.70,1.70,0.5000,0.3130,0.0500,0.1500,0.4900
50,0.70,2.00,0.5000,0.2900,0.0000,0.0500,0.5040
50,0.80,1.10,0.5000,0.1970,0.1000,0.2000,0.6320
50,0.80,1.30,0.5000,0.2040,0.0500,0.2500,0.6490
50,0.80,1.50,0.5000,0.2090,0.0000,0.1000,0.6080
50,0.80,1.70,0.5000,0.2160,0.0500,0.2000,0.5800
50,0.80,2.00,0.5000,0.1800,0.0000,0.1500,0.6280
50,0.90,1.10,0.5000,0.1180,0.0500,0.2500,0.7140
50,0.90,1.30,0.5000,0.0890,0.1500,0.2000,0.7720
50,0.90,1.50,0.5000,0.0910,0.1500,0.2000,0.7240
50,0.90,1.70,0.5000,0.0990,0.1000,0.2000,0.6780
50,0.90,2.00,0.5000,0.1100,0.2500,0.3000,0.7550
60,0.10,1.10,0.6000,0.8967,0.0000,0.4000,0.0375
60,0.10,1.30,0.6000,0.9017,0.0000,0.2500,0.0350
60,0.10,1.50,0.6000,0.9083,0.0000,0.3000,0.0283
60,0.10,1.70,0.6000,0.8975,0.0000,0.2500,0.0317
60,0.10,2.00,0.6000,0.9058,0.0000,0.2000,0.0358
60,0.20,1.10,0.6000,0.7758,0.0000,0.3500,0.0767
60,0.20,1.30,0.6000,0.7958,0.0000,0.2500,0.0642
60,0.20,1.50,0.6000,0.8158,0.0000,0.3000,0.0667
60,0.20,1.70,0.6000,0.7958,0.0000,0.2000,0.0692
60,0.20,2.00,0.6000,0.8042,0.0000,0.5000,0.0692
60,0.30,1.10,0.6000,0.6933,0.0000,0.2500,0.1325
60,0.30,1.30,0.6000,0.6983,0.0000,0.5500,0.1042
60,0.30,1.50,0.6000,0.6842,0.0000,0.3000,0.1250
60,0.30,1.70,0.6000,0.6833,0.0000,0.3000,0.1258
60,0.30,2.00,0.6000,0.7100,0.0000,0.1500,0.1342
60,0.40,1.10,0.6000,0.6033,0.0000,0.3500,0.1983
60,0.40,1.30,0.6000,0.5950,0.0000,0.3000,0.1917
60,0.40,1.50,0.6000,0.5967,0.0000,0.4500,0.2075
60,0.40,1.70,0.6000,0.5967,0.0000,0.2500,0.1842
60,0.40,2.00,0.6000,0.5992,0.0000,0.6000,0.1875
60,0.50,1.10,0.6000,0.4950,0.0500,0.1500,0.2692
60,0.50,1.30,0.6000,0.5183,0.0000,0.3500,0.2517
60,0.50,1.50,0.6000,0.4817,0.1000,0.4000,0.3175
60,0.50,1.70,0.6000,0.5000,0.0000,0.4000,0.2900
60,0.50,2.00,0.6000,0.5017,0.0000,0.1500,0.2992
60,0.60,1.10,0.6000,0.4017,0.1000,0.4000,0.4358
60,0.60,1.30,0.6000,0.3950,0.0500,0.5000,0.4308
60,0.60,1.50,0.6000,0.4025,0.0000,0.1500,0.4117
60,0.60,1.70,0.6000,0.3875,0.0000,0.3000,0.4483
60,0.60,2.00,0.6000,0.3783,0.0500,0.3000,0.4058
60,0.70,1.10,0.6000,0.3017,0.1500,0.2500,0.5700
60,0.70,1.30,0.6000,0.3133,0.0500,0.3000,0.5550
60,0.70,1.50,0.6000,0.3017,0.0500,0.1500,0.6275
60,0.70,1.70,0.6000,0.2875,0.1000,0.2500,0.5858
60,0.70,2.00,0.6000,0.2992,0.0500,0.3500,0.5333
60,0.80,1.10,0.6000,0.1900,0.2500,0.3500,0.6567
60,0.80,1.30,0.6000,0.1850,0.1000,0.2500,0.7092
60,0.80,1.50,0.6000,0.1958,0.1000,0.3000,0.7217
60,0.80,1.70,0.6000,0.1942,0.3000,0.4500,0.7592
60,0.80,2.00,0.6000,0.1892,0.2500,0.2500,0.6592
60,0.90,1.10,0.6000,0.1025,0.1000,0.1500,0.8333
60,0.90,1.30,0.6000,0.1042,0.1500,0.2500,0.7975
60,0.90,1.50,0.6000,0.0825,0.1500,0.1500,0.8100
60,0.90,1.70,0.6000,0.1100,0.4000,0.4500,0.8308
60,0.90,2.00,0.6000,0.0875,0.3500,0.3500,0.8575
70,0.10,1.10,0.7000,0.9107,0.0000,0.4000,0.0314
70,0.10,1.30,0.7000,0.9164,0.0000,0.4000,0.0293
70,0.10,1.50,0.7000,0.8936,0.0000,0.2500,0.0407
70,0.10,1.70,0.7000,0.8971,0.0000,0.3500,0.0386
70,0.10,2.00,0.7000,0.9121,0.0000,0.4000,0.0343
70,0.20,1.10,0.7000,0.7857,0.0000,0.5500,0.0771
70,0.20,1.30,0.7000,0.8093,0.0000,0.4500,0.0750
70,0.20,1.50,0.7000,0.7936,0.0000,0.7000,0.0929
70,0.20,1.70,0.7000,0.8129,0.0000,0.4000,0.0721
70,0.20,2.00,0.7000,0.8200,0.0000,0.4500,0.0721
70,0.30,1.10,0.7000,0.7043,0.0000,0.4500,0.1321
70,0.30,1.30,0.7000,0.6907,0.0000,0.4000,0.1100
70,0.30,1.50,0.7000,0.6893,0.0000,0.4500,0.1236
70,0.30,1.70,0.7000,0.6957,0.0000,0.4000,0.1243
70,0.30,2.00,0.7000,0.7014,0.0000,0.3000,0.1279
70,0.40,1.10,0.7000,0.6100,0.0000,0.3500,0.2136
70,0.40,1.30,0.7000,0.5850,0.0500,0.3500,0.2736
70,0.40,1.50,0.7000,0.6014,0.0000,0.3000,0.2129
70,0.40,1.70,0.7000,0.5921,0.0500,0.3000,0.2543
70,0.40,2.00,0.7000,0.6057,0.0000,0.3000,0.2400
70,0.50,1.10,0.7000,0.5021,0.0000,0.3000,0.3121
70,0.50,1.30,0.7000,0.5021,0.0000,0.3500,0.2693
70,0.50,1.50,0.7000,0.5121,0.1000,0.4000,0.3086
70,0.50,1.70,0.7000,0.5257,0.0000,0.4500,0.3243
70,0.50,2.00,0.7000,0.5043,0.1000,0.5500,0.3314
70,0.60,1.10,0.7000,0.4071,0.0500,0.5000,0.4614
70,0.60,1.30,0.7000,0.3986,0.1000,0.3500,0.4929
70,0.60,1.50,0.7000,0.3936,0.1000,0.4500,0.4879
70,0.60,1.70,0.7000,0.4000,0.1000,0.3000,0.4971
70,0.60,2.00,0.7000,0.4171,0.0000,0.4000,0.4257
70,0.70,1.10,0.7000,0.3021,0.2000,0.3500,0.6236
70,0.70,1.30,0.7000,0.3029,0.1500,0.3500,0.5914
70,0.70,1.50,0.7000,0.3064,0.0000,0.3500,0.6150
70,0.70,1.70,0.7000,0.2814,0.3500,0.5500,0.6400
70,0.70,2.00,0.7000,0.3000,0.1500,0.4500,0.5821
70,0.80,1.10,0.7000,0.1864,0.3500,0.4500,0.7914
70,0.80,1.30,0.7000,0.2014,0.2000,0.4000,0.7664
70,0.80,1.50,0.7000,0.1957,0.1500,0.4000,0.7771
70,0.80,1.70,0.7000,0.1721,0.4000,0.4000,0.8050
70,0.80,2.00,0.7000,0.2007,0.4000,0.6000,0.7357
70,0.90,1.10,0.7000,0.0893,0.4500,0.5000,0.8771
70,0.90,1.30,0.7000,0.0836,0.4000,0.5000,0.8907
70,0.90,1.50,0.7000,0.1121,0.3500,0.4000,0.8636
70,0.90,1.70,0.7000,0.0957,0.5500,0.5500,0.8879
70,0.90,2.00,0.7000,0.0957,0.4000,0.4500,0.8821
80,0.10,1.10,0.8000,0.9119,0.0000,0.5000,0.0363
80,0.10,1.30,0.8000,0.9081,0.0000,0.5500,0.0350
80,0.10,1.50,0.8000,0.8913,0.0000,0.4500,0.0344
80,0.10,1.70,0.8000,0.8938,0.0000,0.2500,0.0375
80,0.10,2.00,0.8000,0.8919,0.0000,0.4500,0.0369
80,0.20,1.10,0.8000,0.8038,0.0000,0.3500,0.0669
80,0.20,1.30,0.8000,0.7844,0.0000,0.6000,0.0856
80,0.20,1.50,0.8000,0.8069,0.0000,0.5500,0.0700
80,0.20,1.70,0.8000,0.8019,0.0000,0.5000,0.0744
80,0.20,2.00,0.8000,0.8000,0.0000,0.6000,0.0688
80,0.30,1.10,0.8000,0.6956,0.0000,0.2500,0.1594
80,0.30,1.30,0.8000,0.6862,0.0000,0.3500,0.1625
80,0.30,1.50,0.8000,0.7106,0.0000,0.6000,0.1425
80,0.30,1.70,0.8000,0.7081,0.0000,0.6000,0.1381
80,0.30,2.00,0.8000,0.7050,0.0000,0.6000,0.1269
80,0.40,1.10,0.8000,0.5994,0.0000,0.7000,0.2525
80,0.40,1.30,0.8000,0.6163,0.0500,0.4000,0.2569
80,0.40,1.50,0.8000,0.6025,0.1000,0.5500,0.2506
80,0.40,1.70,0.8000,0.6250,0.0000,0.5000,0.2319
80,0.40,2.00,0.8000,0.5781,0.0000,0.6000,0.2969
80,0.50,1.10,0.8000,0.5156,0.1000,0.3500,0.3500
80,0.50,1.30,0.8000,0.4975,0.0500,0.3000,0.3544
80,0.50,1.50,0.8000,0.4925,0.0000,0.4000,0.3769
80,0.50,1.70,0.8000,0.5219,0.1000,0.6500,0.3550
80,0.50,2.00,0.8000,0.4944,0.1000,0.6000,0.3850
80,0.60,1.10,0.8000,0.4006,0.2000,0.4500,0.5600
80,0.60,1.30,0.8000,0.4200,0.2000,0.4500,0.5050
80,0.60,1.50,0.8000,0.4156,0.1500,0.5500,0.4950
80,0.60,1.70,0.8000,0.3744,0.2500,0.6500,0.5694
80,0.60,2.00,0.8000,0.4081,0.3000,0.6000,0.5088
80,0.70,1.10,0.8000,0.3181,0.3500,0.6000,0.6606
80,0.70,1.30,0.8000,0.2800,0.1500,0.4000,0.6700
80,0.70,1.50,0.8000,0.2881,0.2000,0.5000,0.6575
80,0.70,1.70,0.8000,0.2950,0.3000,0.5000,0.6513
80,0.70,2.00,0.8000,0.2956,0.2500,0.3500,0.6669
80,0.80,1.10,0.8000,0.2031,0.2000,0.4000,0.7775
80,0.80,1.30,0.8000,0.2006,0.4000,0.5000,0.7788
80,0.80,1.50,0.8000,0.1869,0.2500,0.4000,0.7888
80,0.80,1.70,0.8000,0.2094,0.4000,0.4500,0.7738
80,0.80,2.00,0.8000,0.2081,0.2500,0.4500,0.7675
80,0.90,1.10,0.8000,0.1056,0.4500,0.5000,0.8856
80,0.90,1.30,0.8000,0.1081,0.5500,0.5500,0.8850
80,0.90,1.50,0.8000,0.1069,0.6000,0.6000,0.8850
80,0.90,1.70,0.8000,0.0975,0.3500,0.3500,0.8975
80,0.90,2.00,0.8000,0.1094,0.3500,0.4000,0.8719
90,0.10,1.10,0.9000,0.9106,0.0000,0.6000,0.0317
90,0.10,1.30,0.9000,0.9044,0.0000,0.5500,0.0344
90,0.10,1.50,0.9000,0.8989,0.0000,0.6000,0.0356
90,0.10,1.70,0.9000,0.9044,0.0000,0.7000,0.0350
90,0.10,2.00,0.9000,0.8883,0.0000,0.5500,0.0389
90,0.20,1.10,0.9000,0.7972,0.0000,0.6000,0.0833
90,0.20,1.30,0.9000,0.8006,0.0000,0.6000,0.0928
90,0.20,1.50,0.9000,0.8006,0.0000,0.3500,0.0822
90,0.20,1.70,0.9000,0.7989,0.0000,0.6000,0.0772
90,0.20,2.00,0.9000,0.8111,0.0000,0.6500,0.0906
90,0.30,1.10,0.9000,0.6928,0.0000,0.7000,0.1333
90,0.30,1.30,0.9000,0.6983,0.0000,0.6000,0.1794
90,0.30,1.50,0.9000,0.6944,0.0500,0.6500,0.1650
90,0.30,1.70,0.9000,0.7117,0.0000,0.5000,0.1600
90,0.30,2.00,0.9000,0.6878,0.0000,0.6000,0.1456
90,0.40,1.10,0.9000,0.6044,0.0000,0.5000,0.2817
90,0.40,1.30,0.9000,0.6100,0.0500,0.5000,0.2650
90,0.40,1.50,0.9000,0.6011,0.0500,0.6500,0.2572
90,0.40,1.70,0.9000,0.5844,0.0000,0.5500,0.2972
90,0.40,2.00,0.9000,0.6094,0.0500,0.6000,0.2633
90,0.50,1.10,0.9000,0.4956,0.1500,0.6500,0.4050
90,0.50,1.30,0.9000,0.5328,0.0000,0.4500,0.3889
90,0.50,1.50,0.9000,0.5017,0.1500,0.5000,0.4178
90,0.50,1.70,0.9000,0.4978,0.1000,0.7000,0.3994
90,0.50,2.00,0.9000,0.4989,0.0500,0.5500,0.4139
90,0.60,1.10,0.9000,0.4089,0.3000,0.6000,0.5472
90,0.60,1.30,0.9000,0.3994,0.1500,0.5500,0.5761
90,0.60,1.50,0.9000,0.3861,0.2500,0.6000,0.5628
90,0.60,1.70,0.9000,0.4006,0.3000,0.5500,0.5500
90,0.60,2.00,0.9000,0.3867,0.4000,0.6000,0.5833
90,0.70,1.10,0.9000,0.2933,0.5000,0.6500,0.6944
90,0.70,1.30,0.9000,0.3217,0.2500,0.7000,0.6450
90,0.70,1.50,0.9000,0.3039,0.6000,0.8000,0.6794
90,0.70,1.70,0.9000,0.3056,0.2500,0.4500,0.6361
90,0.70,2.00,0.9000,0.2933,0.4000,0.7500,0.6639
90,0.80,1.10,0.9000,0.2039,0.3000,0.3500,0.7856
90,0.80,1.30,0.9000,0.1889,0.3500,0.6000,0.8056
90,0.80,1.50,0.9000,0.2028,0.3500,0.5500,0.7911
90,0.80,1.70,0.9000,0.1906,0.5000,0.6000,0.8044
90,0.80,2.00,0.9000,0.2100,0.5000,0.6000,0.7572
90,0.90,1.10,0.9000,0.0894,0.6500,0.7000,0.9072
90,0.90,1.30,0.9000,0.1006,0.4000,0.4000,0.8928
90,0.90,1.50,0.9000,0.1017,0.4500,0.5000,0.8933
90,0.90,1.70,0.9000,0.0989,0.7000,0.8000,0.8911
90,0.90,2.00,0.9000,0.0928,0.5500,0.6500,0.9044
100,0.10,1.10,1.0000,0.9035,0.0000,0.7500,0.0355
100,0.10,1.30,1.0000,0.9005,0.0000,0.8500,0.0305
100,0.10,1.50,1.0000,0.8930,0.0000,0.5500,0.0390
100,0.10,1.70,1.0000,0.9045,0.0000,0.7000,0.0335
100,0.10,2.00,1.0000,0.9070,0.0000,0.5000,0.0305
100,0.20,1.10,1.0000,0.8085,0.0000,0.5500,0.0860
100,0.20,1.30,1.0000,0.8075,0.0000,0.5500,0.0850
100,0.20,1.50,1.0000,0.8025,0.0000,0.8000,0.0880
100,0.20,1.70,1.0000,0.8080,0.0000,0.5500,0.0845
100,0.20,2.00,1.0000,0.7945,0.0000,0.5500,0.0945
100,0.30,1.10,1.0000,0.6870,0.0500,0.4500,0.2005
100,0.30,1.30,1.0000,0.6850,0.0000,0.8500,0.1525
100,0.30,1.50,1.0000,0.7045,0.0500,0.7000,0.1615
100,0.30,1.70,1.0000,0.7050,0.0000,0.4500,0.1825
100,0.30,2.00,1.0000,0.7270,0.0000,0.6000,0.1615
100,0.40,1.10,1.0000,0.6185,0.0000,0.5000,0.2740
100,0.40,1.30,1.0000,0.5970,0.0000,0.6500,0.2970
100,0.40,1.50,1.0000,0.6085,0.0000,0.6000,0.3000
100,0.40,1.70,1.0000,0.6085,0.0500,0.8000,0.3290
100,0.40,2.00,1.0000,0.5970,0.1000,0.6000,0.3130
100,0.50,1.10,1.0000,0.4975,0.1000,0.7000,0.4415
100,0.50,1.30,1.0000,0.5195,0.1000,0.7500,0.3895
100,0.50,1.50,1.0000,0.4975,0.1500,0.7000,0.4635
100,0.50,1.70,1.0000,0.4970,0.1000,0.5500,0.4700
100,0.50,2.00,1.0000,0.4965,0.1500,0.7000,0.4390
100,0.60,1.10,1.0000,0.4150,0.3500,0.5500,0.5580
100,0.60,1.30,1.0000,0.4140,0.2500,0.6500,0.5705
100,0.60,1.50,1.0000,0.3810,0.2000,0.4000,0.5840
100,0.60,1.70,1.0000,0.4000,0.2500,0.6500,0.5705
100,0.60,2.00,1.0000,0.3900,0.2500,0.5500,0.5940
100,0.70,1.10,1.0000,0.2870,0.3500,0.6000,0.7035
100,0.70,1.30,1.0000,0.2920,0.3500,0.5500,0.6985
100,0.70,1.50,1.0000,0.3030,0.3000,0.5500,0.6920
100,0.70,1.70,1.0000,0.3030,0.4500,0.7500,0.6855
100,0.70,2.00,1.0000,0.2790,0.5000,0.7000,0.7120
100,0.80,1.10,1.0000,0.2070,0.7000,0.8000,0.7880
100,0.80,1.30,1.0000,0.1955,0.6000,0.6500,0.7930
100,0.80,1.50,1.0000,0.1925,0.2500,0.3500,0.7930
100,0.80,1.70,1.0000,0.2175,0.2500,0.7000,0.7760
100,0.80,2.00,1.0000,0.1995,0.5500,0.7500,0.7920
100,0.90,1.10,1.0000,0.0965,0.6500,0.7500,0.9010
100,0.90,1.30,1.0000,0.1075,0.5500,0.8000,0.8885
100,0.90,1.50,1.0000,0.0925,0.7000,0.8000,0.9010
100,0.90,1.70,1.0000,0.0935,0.6000,0.6500,0.9060
100,0.90,2.00,1.0000,0.0890,0.6000,0.6000,0.9090
